Workbook

Sheet Raw Data
A1: Employee ID | B1: Full Name | C1: Department | D1: Email | E1: Salary | F1: Joining Date | G1: Bonus | H1: Manager
A2: 101 | B2: Ram Kumar | C2: HR | D2: ram@gmail.com | E2: 25000 | F2: 44938 | G2: 2000 | H2: Suresh
A3: 102 | B3: sita devi | C3: IT | D3: sita@gmail.com | E3: 30000 | F3: 44972 | H3: Mahesh
A4: 103 | B4: Ravi Kumar | C4: Sales | D4: ravi@gmail.com | E4: 28000 | F4: 45003 | G4: 2500 | H4: Suresh
A5: 104 | B5: Meena Sharma | C5: IT | D5: meena@gmail.com | E5: 35000 | F5: 45037 | G5: 3000
A6: 105 | B6: JOHN RAO | C6: Finance | D6: john@gmail.com | E6: 40000 | F6: 45071 | G6: 4000 | H6: Kavitha
A7: 106 | B7: Kavya Reddy | C7: IT | D7: kavya@gmail.com | F7: 45078 | G7: 1500 | H7: Mahesh
A8: 107 | B8: Arjun Naik | C8: Sales | D8: arjun@gmail.com | E8: 27000 | F8: 45088 | H8: Suresh
A9: 108 | B9: priya sharma | C9: HR | D9: priya@gmail.com | E9: 26000 | F9: 45126 | G9: 1800 | H9: Kavitha
A10: 109 | B10: Rohit Verma | C10: Finance | D10: rohit@gmail.com | E10: 38000 | F10: 45160 | G10: 3500 | H10: Kavitha
A11: 110 | B11: Sneha Iyer | C11: IT | D11: sneha@gmail.com | E11: 32000 | F11: 45174 | H11: Mahesh
A12: 111 | B12: Vikram Singh | C12: Sales | D12: vikram@gmail.com | E12: 29000 | F12: 45179 | G12: 2100
A13: 112 | B13: Anjali Mehta | C13: HR | D13: anjali@gmail.com | E13: 27000 | F13: 45217 | G13: 2000 | H13: Suresh
A14: 113 | B14: Raj Patel | C14: Finance | D14: raj@gmail.com | E14: 42000 | F14: 45221 | G14: 4500 | H14: Kavitha
A15: 114 | B15: Neha Joshi | C15: IT | D15: neha@gmail.com | F15: 45260 | G15: 1700 | H15: Mahesh
A16: 115 | B16: Kiran Das | C16: Sales | D16: kiran@gmail.com | E16: 26000 | F16: 45275 | H16: Suresh
A17: 116 | B17: Pooja Nair | C17: HR | D17: pooja@gmail.com | E17: 28000 | F17: 45296 | G17: 1900 | H17: Kavitha
A18: 117 | B18: Aman Gupta | C18: Finance | D18: aman@gmail.com | E18: 39000 | F18: 45303 | G18: 3600 | H18: Kavitha
A19: 118 | B19: Ritu Jain | C19: IT | D19: ritu@gmail.com | E19: 31000 | F19: 45316 | H19: Mahesh
A20: 119 | B20: Mohan Rao | C20: Sales | D20: mohan@gmail.com | E20: 27500 | F20: 45323 | G20: 2000 | H20: Suresh
A21: 120 | B21: Sunita Devi | C21: HR | D21: sunita@gmail.com | E21: 26500 | F21: 45332 | G21: 1800 | H21: Kavitha
A22: 121 | B22: Deepak Kumar | C22: IT | D22: deepak@gmail.com | E22: 33000 | F22: 45337 | G22: 2200 | H22: Mahesh
A23: 122 | B23: Varun Kapoor | C23: Finance | D23: varun@gmail.com | F23: 45342 | G23: 3000 | H23: Kavitha
A24: 123 | B24: Nisha Verma | C24: Sales | D24: nisha@gmail.com | E24: 29500 | F24: 45352 | H24: Suresh
A25: 124 | B25: Rahul Singh | C25: HR | D25: rahul@gmail.com | E25: 28500 | F25: 45356 | G25: 2100 | H25: Kavitha
A26: 125 | B26: Kavita Sharma | C26: IT | D26: kavita@gmail.com | E26: 34000 | F26: 45361 | H26: Mahesh
A27: 126 | B27: Tarun Mehta | C27: Finance | D27: tarun@gmail.com | E27: 41000 | F27: 45366 | G27: 3800 | H27: Kavitha
A28: 127 | B28: Pawan Kumar | C28: Sales | D28: pawan@gmail.com | E28: 26500 | F28: 45371 | H28: Suresh
A29: 128 | B29: Divya Nair | C29: HR | D29: divya@gmail.com | F29: 45376 | G29: 1900 | H29: Kavitha
A30: 129 | B30: Karthik Rao | C30: IT | D30: karthik@gmail.com | E30: 36000 | F30: 45383 | H30: Mahesh
A31: 130 | B31: Rekha Das | C31: Finance | D31: rekha@gmail.com | E31: 43000 | F31: 45387 | G31: 4000 | H31: Kavitha
A32: 131 | B32: Ram kumar | C32: HR | D32: ram@gmail.com | E32: 25000 | F32: 44938 | G32: 2000 | H32: Suresh
A33: 132 | B33: SITA DEVI | C33: IT | D33: sita@gmail.com | E33: 30000 | F33: 44972 | H33: Mahesh
A34: 133 | B34: Ravi Kumar | C34: Sales | D34: ravi@gmail.com | E34: 28000 | F34: 45003 | G34: 2500 | H34: Suresh
A35: 134 | B35: Meena sharma | C35: IT | D35: meena@gmail.com | E35: 35000 | F35: 45037 | G35: 3000
A36: 135 | B36: John Rao | C36: Finance | D36: john@gmail.com | E36: 40000 | F36: 45071 | G36: 4000 | H36: Kavitha
A37: 136 | B37: Kavya reddy | C37: IT | D37: kavya@gmail.com | F37: 45078 | G37: 1500 | H37: Mahesh
A38: 137 | B38: Arjun naik | C38: Sales | D38: arjun@gmail.com | E38: 27000 | F38: 45088 | H38: Suresh
A39: 138 | B39: Priya Sharma | C39: HR | D39: priya@gmail.com | E39: 26000 | F39: 45126 | G39: 1800 | H39: Kavitha
A40: 139 | B40: Rohit verma | C40: Finance | D40: rohit@gmail.com | E40: 38000 | F40: 45160 | G40: 3500 | H40: Kavitha
A41: 140 | B41: Sneha iyer | C41: IT | D41: sneha@gmail.com | E41: 32000 | F41: 45174 | H41: Mahesh
A42: 141 | B42: Ajay Kumar | C42: HR | D42: ajay@gmail.com | E42: 27000 | F42: 45392 | G42: 2000 | H42: Kavitha
A43: 142 | B43: Bhavna Shah | C43: IT | D43: bhavna@gmail.com | F43: 45394 | H43: Mahesh
A44: 143 | B44: Chirag Jain | C44: Sales | D44: chirag@gmail.com | E44: 28500 | F44: 45397 | G44: 2200 | H44: Suresh
A45: 144 | B45: Deepika Rao | C45: Finance | D45: deepika@gmail.com | E45: 39500 | F45: 45400 | H45: Kavitha
A46: 145 | B46: Esha Gupta | C46: HR | D46: esha@gmail.com | E46: 26000 | F46: 45402 | G46: 1800 | H46: Kavitha
A47: 146 | B47: Farhan Ali | C47: IT | D47: farhan@gmail.com | E47: 34500 | F47: 45404 | H47: Mahesh
A48: 147 | B48: Gaurav Singh | C48: Sales | D48: gaurav@gmail.com | F48: 45407 | G48: 2100 | H48: Suresh
A49: 148 | B49: Heena Khan | C49: Finance | D49: heena@gmail.com | E49: 40500 | F49: 45410 | G49: 3500 | H49: Kavitha
A50: 149 | B50: Imran Khan | C50: HR | D50: imran@gmail.com | E50: 25500 | F50: 45413 | H50: Kavitha
A51: 150 | B51: Jyoti Verma | C51: IT | D51: jyoti@gmail.com | E51: 31500 | F51: 45417 | G51: 2000 | H51: Mahesh
A52: 201 | B52: akash reddy | C52: IT | D52: akash@gmail.com | E52: 32000 | F52: 44927 | G52: 2000 | H52: Mahesh
A53: 202 | B53: Neha Sharma | C53: HR | D53: neha@gmail.com | E53: 28000 | F53: 44929 | H53: Kavitha
A54: 203 | B54: ROHAN DAS | C54: Sales | D54: rohan@gmail.com | E54: 30000 | F54: 44931 | G54: 1800 | H54: Suresh
A55: 204 | B55: Meera Nair | C55: Finance | D55: meera@gmail.com | E55: 42000 | F55: 44933 | G55: 3500 | H55: Kavitha
A56: 205 | B56: vikas kumar | C56: IT | D56: vikas@gmail.com | F56: 44936 | G56: 2200 | H56: Mahesh
A57: 206 | B57: Pooja Singh | C57: HR | D57: pooja@gmail.com | E57: 29000 | F57: 44938 | H57: Kavitha
A58: 207 | B58: Arvind Rao | C58: Sales | D58: arvind@gmail.com | E58: 31000 | F58: 44941 | G58: 2000 | H58: Suresh
A59: 208 | B59: sneha patil | C59: IT | D59: sneha@gmail.com | E59: 34000 | F59: 44944 | H59: Mahesh
A60: 209 | B60: Kiran Verma | C60: Finance | D60: kiran@gmail.com | E60: 39000 | F60: 44946 | G60: 3000 | H60: Kavitha
A61: 210 | B61: Mohit Jain | C61: HR | D61: mohit@gmail.com | E61: 27000 | F61: 44948 | G61: 1500
A62: 211 | B62: ANIL KUMAR | C62: IT | D62: anil@gmail.com | E62: 36000 | F62: 44951 | H62: Mahesh
A63: 212 | B63: Divya Kapoor | C63: Sales | D63: divya@gmail.com | F63: 44954 | G63: 2100 | H63: Suresh
A64: 213 | B64: rahul sharma | C64: Finance | D64: rahul@gmail.com | E64: 41000 | F64: 44958 | H64: Kavitha
A65: 214 | B65: Nisha Reddy | C65: HR | D65: nisha@gmail.com | E65: 28000 | F65: 44961 | G65: 1700 | H65: Kavitha
A66: 215 | B66: Sameer Khan | C66: IT | D66: sameer@gmail.com | E66: 33000 | F66: 44964 | H66: Mahesh
A67: 216 | B67: Kavita Joshi | C67: Sales | D67: kavita@gmail.com | E67: 30500 | F67: 44967 | G67: 2000 | H67: Suresh
A68: 217 | B68: AMIT SHAH | C68: Finance | D68: amit@gmail.com | F68: 44969 | G68: 2500 | H68: Kavitha
A69: 218 | B69: Ritu Agarwal | C69: HR | D69: ritu@gmail.com | E69: 29500 | F69: 44972 | H69: Kavitha
A70: 219 | B70: Sandeep Singh | C70: IT | D70: sandeep@gmail.com | E70: 35000 | F70: 44975 | G70: 2300 | H70: Mahesh
A71: 220 | B71: Neeraj Gupta | C71: Sales | D71: neeraj@gmail.com | E71: 31000 | F71: 44977 | H71: Suresh
A72: 221 | B72: akash reddy | C72: IT | D72: akash@gmail.com | E72: 32000 | F72: 44927 | G72: 2000 | H72: Mahesh
A73: 222 | B73: Neha Sharma | C73: HR | E73: 28000 | F73: 44929 | H73: Kavitha
A74: 223 | B74: ROHAN DAS | C74: Sales | D74: rohan@gmail.com | F74: 44931 | G74: 1800 | H74: Suresh
A75: 224 | B75: Meera Nair | C75: Finance | D75: meera@gmail.com | E75: 42000 | F75: 44933 | H75: Kavitha
A76: 225 | B76: vikas kumar | C76: IT | D76: vikas@gmail.com | E76: 30000 | F76: 44936 | G76: 2200 | H76: Mahesh
A77: 226 | B77: Pooja Singh | C77: HR | D77: pooja@gmail.com | F77: 44938 | H77: Kavitha
A78: 227 | B78: Arvind Rao | C78: Sales | D78: arvind@gmail.com | E78: 31000 | F78: 44941 | H78: Suresh
A79: 228 | B79: sneha patil | C79: IT | D79: sneha@gmail.com | E79: 34000 | F79: 44944 | G79: 2000 | H79: Mahesh
A80: 229 | B80: Kiran Verma | C80: Finance | D80: kiran@gmail.com | F80: 44946 | G80: 3000 | H80: Kavitha
A81: 230 | B81: Mohit Jain | C81: HR | D81: mohit@gmail.com | E81: 27000 | F81: 44948
A82: 231 | B82: Priya Nair | C82: HR | D82: priya@gmail.com | E82: 29000 | F82: 44986 | G82: 1800 | H82: Kavitha
A83: 232 | B83: Rakesh Kumar | C83: IT | D83: rakesh@gmail.com | E83: 36000 | F83: 44988 | H83: Mahesh
A84: 233 | B84: Sunil Das | C84: Sales | D84: sunil@gmail.com | E84: 31000 | F84: 44990 | G84: 2000 | H84: Suresh
A85: 234 | B85: Ananya Singh | C85: Finance | D85: ananya@gmail.com | E85: 40000 | F85: 44992 | H85: Kavitha
A86: 235 | B86: deepak reddy | C86: IT | D86: deepak@gmail.com | E86: 33000 | F86: 44995 | G86: 2100 | H86: Mahesh
A87: 236 | B87: Kavya Nair | C87: HR | D87: kavya@gmail.com | E87: 28000 | F87: 44997 | H87: Kavitha
A88: 237 | B88: Manoj Kumar | C88: Sales | D88: manoj@gmail.com | E88: 30500 | F88: 45000 | G88: 2000 | H88: Suresh
A89: 238 | B89: Riya Shah | C89: Finance | D89: riya@gmail.com | E89: 39000 | F89: 45003 | H89: Kavitha
A90: 239 | B90: Ajay Verma | C90: IT | D90: ajay@gmail.com | E90: 35000 | F90: 45005 | G90: 2200 | H90: Mahesh
A91: 240 | B91: Nikhil Jain | C91: HR | D91: nikhil@gmail.com | E91: 27000 | F91: 45007 | H91: Kavitha
A92: 219 | B92: Sandeep Singh | C92: IT | D92: sandeep@gmail.com | E92: 35000 | F92: 44975 | G92: 2300 | H92: Mahesh
A93: 220 | B93: Neeraj Gupta | C93: Sales | D93: neeraj@gmail.com | E93: 31000 | F93: 44977 | H93: Suresh
A94: 221 | B94: akash reddy | C94: IT | D94: akash@gmail.com | E94: 32000 | F94: 44927 | G94: 2000 | H94: Mahesh
A95: 222 | B95: Neha Sharma | C95: HR | E95: 28000 | F95: 44929 | H95: Kavitha
A96: 223 | B96: ROHAN DAS | C96: Sales | D96: rohan@gmail.com | F96: 44931 | G96: 1800 | H96: Suresh
A97: 224 | B97: Meera Nair | C97: Finance | D97: meera@gmail.com | E97: 42000 | F97: 44933 | H97: Kavitha
A98: 225 | B98: vikas kumar | C98: IT | D98: vikas@gmail.com | E98: 30000 | F98: 44936 | G98: 2200 | H98: Mahesh
A99: 226 | B99: Pooja Singh | C99: HR | D99: pooja@gmail.com | F99: 44938 | H99: Kavitha
A100: 227 | B100: Arvind Rao | C100: Sales | D100: arvind@gmail.com | E100: 31000 | F100: 44941 | H100: Suresh
...

Sheet Cleaned data
A1: Employee ID | B1: Full Name | C1: Clean Name | D1: Department | E1: Clean dept | F1: Email | G1: Clean Email | H1: Salary | I1: Clean Salary | J1: Joining Date | K1: Bonus | L1: Clean Bonus | M1: Manager | N1: Clean manager | O1: Total Pay
A2: 101 | B2: Ram Kumar | C2: =PROPER(TRIM(B2)) -> Ram Kumar | D2: HR | E2: =PROPER(TRIM(D2)) -> Hr | F2: ram@gmail.com | G2: =IF(F2="","Not Available",F2) -> ram@gmail.com | H2: 25000 | I2: =IF(H2="",$H$93,H2) -> 25000 | J2: 44938 | K2: 2000 | L2: =IF(K2="",0,K2) -> 2000 | M2: Suresh | N2: =IF(M2="","Not Assigned",M2) -> Suresh | O2: =IFERROR(I2+L2,0) -> 27000
A3: 102 | B3: sita devi | C3: =PROPER(TRIM(B3)) -> Sita Devi | D3: IT | E3: =PROPER(TRIM(D3)) -> It | F3: sita@gmail.com | G3: =IF(F3="","Not Available",F3) -> sita@gmail.com | H3: 30000 | I3: =IF(H3="",$H$93,H3) -> 30000 | J3: 44972 | L3: =IF(K3="",0,K3) -> 0 | M3: Mahesh | N3: =IF(M3="","Not Assigned",M3) -> Mahesh | O3: =IFERROR(I3+L3,0) -> 30000
A4: 103 | B4: Ravi Kumar | C4: =PROPER(TRIM(B4)) -> Ravi Kumar | D4: Sales | E4: =PROPER(TRIM(D4)) -> Sales | F4: ravi@gmail.com | G4: =IF(F4="","Not Available",F4) -> ravi@gmail.com | H4: 28000 | I4: =IF(H4="",$H$93,H4) -> 28000 | J4: 45003 | K4: 2500 | L4: =IF(K4="",0,K4) -> 2500 | M4: Suresh | N4: =IF(M4="","Not Assigned",M4) -> Suresh | O4: =IFERROR(I4+L4,0) -> 30500
A5: 104 | B5: Meena Sharma | C5: =PROPER(TRIM(B5)) -> Meena Sharma | D5: IT | E5: =PROPER(TRIM(D5)) -> It | F5: meena@gmail.com | G5: =IF(F5="","Not Available",F5) -> meena@gmail.com | H5: 35000 | I5: =IF(H5="",$H$93,H5) -> 35000 | J5: 45037 | K5: 3000 | L5: =IF(K5="",0,K5) -> 3000 | N5: =IF(M5="","Not Assigned",M5) -> Not Assigned | O5: =IFERROR(I5+L5,0) -> 38000
A6: 105 | B6: JOHN RAO | C6: =PROPER(TRIM(B6)) -> John Rao | D6: Finance | E6: =PROPER(TRIM(D6)) -> Finance | F6: john@gmail.com | G6: =IF(F6="","Not Available",F6) -> john@gmail.com | H6: 40000 | I6: =IF(H6="",$H$93,H6) -> 40000 | J6: 45071 | K6: 4000 | L6: =IF(K6="",0,K6) -> 4000 | M6: Kavitha | N6: =IF(M6="","Not Assigned",M6) -> Kavitha | O6: =IFERROR(I6+L6,0) -> 44000 | Q6: What i have done: Remove Duplicates Fix Text Formatting Handle Missing Salary Handle Missing Bonus Handle Missing Email Handle Missing Manager Create Total Pay column
A7: 106 | B7: Kavya Reddy | C7: =PROPER(TRIM(B7)) -> Kavya Reddy | D7: IT | E7: =PROPER(TRIM(D7)) -> It | F7: kavya@gmail.com | G7: =IF(F7="","Not Available",F7) -> kavya@gmail.com | I7: =IF(H7="",$H$93,H7) -> 32091 | J7: 45078 | K7: 1500 | L7: =IF(K7="",0,K7) -> 1500 | M7: Mahesh | N7: =IF(M7="","Not Assigned",M7) -> Mahesh | O7: =IFERROR(I7+L7,0) -> 33591
A8: 107 | B8: Arjun Naik | C8: =PROPER(TRIM(B8)) -> Arjun Naik | D8: Sales | E8: =PROPER(TRIM(D8)) -> Sales | F8: arjun@gmail.com | G8: =IF(F8="","Not Available",F8) -> arjun@gmail.com | H8: 27000 | I8: =IF(H8="",$H$93,H8) -> 27000 | J8: 45088 | L8: =IF(K8="",0,K8) -> 0 | M8: Suresh | N8: =IF(M8="","Not Assigned",M8) -> Suresh | O8: =IFERROR(I8+L8,0) -> 27000
A9: 108 | B9: priya sharma | C9: =PROPER(TRIM(B9)) -> Priya Sharma | D9: HR | E9: =PROPER(TRIM(D9)) -> Hr | F9: priya@gmail.com | G9: =IF(F9="","Not Available",F9) -> priya@gmail.com | H9: 26000 | I9: =IF(H9="",$H$93,H9) -> 26000 | J9: 45126 | K9: 1800 | L9: =IF(K9="",0,K9) -> 1800 | M9: Kavitha | N9: =IF(M9="","Not Assigned",M9) -> Kavitha | O9: =IFERROR(I9+L9,0) -> 27800
A10: 109 | B10: Rohit Verma | C10: =PROPER(TRIM(B10)) -> Rohit Verma | D10: Finance | E10: =PROPER(TRIM(D10)) -> Finance | F10: rohit@gmail.com | G10: =IF(F10="","Not Available",F10) -> rohit@gmail.com | H10: 38000 | I10: =IF(H10="",$H$93,H10) -> 38000 | J10: 45160 | K10: 3500 | L10: =IF(K10="",0,K10) -> 3500 | M10: Kavitha | N10: =IF(M10="","Not Assigned",M10) -> Kavitha | O10: =IFERROR(I10+L10,0) -> 41500
A11: 110 | B11: Sneha Iyer | C11: =PROPER(TRIM(B11)) -> Sneha Iyer | D11: IT | E11: =PROPER(TRIM(D11)) -> It | F11: sneha@gmail.com | G11: =IF(F11="","Not Available",F11) -> sneha@gmail.com | H11: 32000 | I11: =IF(H11="",$H$93,H11) -> 32000 | J11: 45174 | L11: =IF(K11="",0,K11) -> 0 | M11: Mahesh | N11: =IF(M11="","Not Assigned",M11) -> Mahesh | O11: =IFERROR(I11+L11,0) -> 32000
A12: 111 | B12: Vikram Singh | C12: =PROPER(TRIM(B12)) -> Vikram Singh | D12: Sales | E12: =PROPER(TRIM(D12)) -> Sales | F12: vikram@gmail.com | G12: =IF(F12="","Not Available",F12) -> vikram@gmail.com | H12: 29000 | I12: =IF(H12="",$H$93,H12) -> 29000 | J12: 45179 | K12: 2100 | L12: =IF(K12="",0,K12) -> 2100 | N12: =IF(M12="","Not Assigned",M12) -> Not Assigned | O12: =IFERROR(I12+L12,0) -> 31100
A13: 112 | B13: Anjali Mehta | C13: =PROPER(TRIM(B13)) -> Anjali Mehta | D13: HR | E13: =PROPER(TRIM(D13)) -> Hr | F13: anjali@gmail.com | G13: =IF(F13="","Not Available",F13) -> anjali@gmail.com | H13: 27000 | I13: =IF(H13="",$H$93,H13) -> 27000 | J13: 45217 | K13: 2000 | L13: =IF(K13="",0,K13) -> 2000 | M13: Suresh | N13: =IF(M13="","Not Assigned",M13) -> Suresh | O13: =IFERROR(I13+L13,0) -> 29000
A14: 113 | B14: Raj Patel | C14: =PROPER(TRIM(B14)) -> Raj Patel | D14: Finance | E14: =PROPER(TRIM(D14)) -> Finance | F14: raj@gmail.com | G14: =IF(F14="","Not Available",F14) -> raj@gmail.com | H14: 42000 | I14: =IF(H14="",$H$93,H14) -> 42000 | J14: 45221 | K14: 4500 | L14: =IF(K14="",0,K14) -> 4500 | M14: Kavitha | N14: =IF(M14="","Not Assigned",M14) -> Kavitha | O14: =IFERROR(I14+L14,0) -> 46500
A15: 114 | B15: Neha Joshi | C15: =PROPER(TRIM(B15)) -> Neha Joshi | D15: IT | E15: =PROPER(TRIM(D15)) -> It | F15: neha@gmail.com | G15: =IF(F15="","Not Available",F15) -> neha@gmail.com | I15: =IF(H15="",$H$93,H15) -> 32091 | J15: 45260 | K15: 1700 | L15: =IF(K15="",0,K15) -> 1700 | M15: Mahesh | N15: =IF(M15="","Not Assigned",M15) -> Mahesh | O15: =IFERROR(I15+L15,0) -> 33791
A16: 115 | B16: Kiran Das | C16: =PROPER(TRIM(B16)) -> Kiran Das | D16: Sales | E16: =PROPER(TRIM(D16)) -> Sales | F16: kiran@gmail.com | G16: =IF(F16="","Not Available",F16) -> kiran@gmail.com | H16: 26000 | I16: =IF(H16="",$H$93,H16) -> 26000 | J16: 45275 | L16: =IF(K16="",0,K16) -> 0 | M16: Suresh | N16: =IF(M16="","Not Assigned",M16) -> Suresh | O16: =IFERROR(I16+L16,0) -> 26000
A17: 116 | B17: Pooja Nair | C17: =PROPER(TRIM(B17)) -> Pooja Nair | D17: HR | E17: =PROPER(TRIM(D17)) -> Hr | F17: pooja@gmail.com | G17: =IF(F17="","Not Available",F17) -> pooja@gmail.com | H17: 28000 | I17: =IF(H17="",$H$93,H17) -> 28000 | J17: 45296 | K17: 1900 | L17: =IF(K17="",0,K17) -> 1900 | M17: Kavitha | N17: =IF(M17="","Not Assigned",M17) -> Kavitha | O17: =IFERROR(I17+L17,0) -> 29900
A18: 117 | B18: Aman Gupta | C18: =PROPER(TRIM(B18)) -> Aman Gupta | D18: Finance | E18: =PROPER(TRIM(D18)) -> Finance | F18: aman@gmail.com | G18: =IF(F18="","Not Available",F18) -> aman@gmail.com | H18: 39000 | I18: =IF(H18="",$H$93,H18) -> 39000 | J18: 45303 | K18: 3600 | L18: =IF(K18="",0,K18) -> 3600 | M18: Kavitha | N18: =IF(M18="","Not Assigned",M18) -> Kavitha | O18: =IFERROR(I18+L18,0) -> 42600
A19: 118 | B19: Ritu Jain | C19: =PROPER(TRIM(B19)) -> Ritu Jain | D19: IT | E19: =PROPER(TRIM(D19)) -> It | F19: ritu@gmail.com | G19: =IF(F19="","Not Available",F19) -> ritu@gmail.com | H19: 31000 | I19: =IF(H19="",$H$93,H19) -> 31000 | J19: 45316 | L19: =IF(K19="",0,K19) -> 0 | M19: Mahesh | N19: =IF(M19="","Not Assigned",M19) -> Mahesh | O19: =IFERROR(I19+L19,0) -> 31000
A20: 119 | B20: Mohan Rao | C20: =PROPER(TRIM(B20)) -> Mohan Rao | D20: Sales | E20: =PROPER(TRIM(D20)) -> Sales | F20: mohan@gmail.com | G20: =IF(F20="","Not Available",F20) -> mohan@gmail.com | H20: 27500 | I20: =IF(H20="",$H$93,H20) -> 27500 | J20: 45323 | K20: 2000 | L20: =IF(K20="",0,K20) -> 2000 | M20: Suresh | N20: =IF(M20="","Not Assigned",M20) -> Suresh | O20: =IFERROR(I20+L20,0) -> 29500
A21: 120 | B21: Sunita Devi | C21: =PROPER(TRIM(B21)) -> Sunita Devi | D21: HR | E21: =PROPER(TRIM(D21)) -> Hr | F21: sunita@gmail.com | G21: =IF(F21="","Not Available",F21) -> sunita@gmail.com | H21: 26500 | I21: =IF(H21="",$H$93,H21) -> 26500 | J21: 45332 | K21: 1800 | L21: =IF(K21="",0,K21) -> 1800 | M21: Kavitha | N21: =IF(M21="","Not Assigned",M21) -> Kavitha | O21: =IFERROR(I21+L21,0) -> 28300
A22: 121 | B22: Deepak Kumar | C22: =PROPER(TRIM(B22)) -> Deepak Kumar | D22: IT | E22: =PROPER(TRIM(D22)) -> It | F22: deepak@gmail.com | G22: =IF(F22="","Not Available",F22) -> deepak@gmail.com | H22: 33000 | I22: =IF(H22="",$H$93,H22) -> 33000 | J22: 45337 | K22: 2200 | L22: =IF(K22="",0,K22) -> 2200 | M22: Mahesh | N22: =IF(M22="","Not Assigned",M22) -> Mahesh | O22: =IFERROR(I22+L22,0) -> 35200
A23: 122 | B23: Varun Kapoor | C23: =PROPER(TRIM(B23)) -> Varun Kapoor | D23: Finance | E23: =PROPER(TRIM(D23)) -> Finance | F23: varun@gmail.com | G23: =IF(F23="","Not Available",F23) -> varun@gmail.com | I23: =IF(H23="",$H$93,H23) -> 32091 | J23: 45342 | K23: 3000 | L23: =IF(K23="",0,K23) -> 3000 | M23: Kavitha | N23: =IF(M23="","Not Assigned",M23) -> Kavitha | O23: =IFERROR(I23+L23,0) -> 35091
A24: 123 | B24: Nisha Verma | C24: =PROPER(TRIM(B24)) -> Nisha Verma | D24: Sales | E24: =PROPER(TRIM(D24)) -> Sales | F24: nisha@gmail.com | G24: =IF(F24="","Not Available",F24) -> nisha@gmail.com | H24: 29500 | I24: =IF(H24="",$H$93,H24) -> 29500 | J24: 45352 | L24: =IF(K24="",0,K24) -> 0 | M24: Suresh | N24: =IF(M24="","Not Assigned",M24) -> Suresh | O24: =IFERROR(I24+L24,0) -> 29500
A25: 124 | B25: Rahul Singh | C25: =PROPER(TRIM(B25)) -> Rahul Singh | D25: HR | E25: =PROPER(TRIM(D25)) -> Hr | F25: rahul@gmail.com | G25: =IF(F25="","Not Available",F25) -> rahul@gmail.com | H25: 28500 | I25: =IF(H25="",$H$93,H25) -> 28500 | J25: 45356 | K25: 2100 | L25: =IF(K25="",0,K25) -> 2100 | M25: Kavitha | N25: =IF(M25="","Not Assigned",M25) -> Kavitha | O25: =IFERROR(I25+L25,0) -> 30600
A26: 125 | B26: Kavita Sharma | C26: =PROPER(TRIM(B26)) -> Kavita Sharma | D26: IT | E26: =PROPER(TRIM(D26)) -> It | F26: kavita@gmail.com | G26: =IF(F26="","Not Available",F26) -> kavita@gmail.com | H26: 34000 | I26: =IF(H26="",$H$93,H26) -> 34000 | J26: 45361 | L26: =IF(K26="",0,K26) -> 0 | M26: Mahesh | N26: =IF(M26="","Not Assigned",M26) -> Mahesh | O26: =IFERROR(I26+L26,0) -> 34000
A27: 126 | B27: Tarun Mehta | C27: =PROPER(TRIM(B27)) -> Tarun Mehta | D27: Finance | E27: =PROPER(TRIM(D27)) -> Finance | F27: tarun@gmail.com | G27: =IF(F27="","Not Available",F27) -> tarun@gmail.com | H27: 41000 | I27: =IF(H27="",$H$93,H27) -> 41000 | J27: 45366 | K27: 3800 | L27: =IF(K27="",0,K27) -> 3800 | M27: Kavitha | N27: =IF(M27="","Not Assigned",M27) -> Kavitha | O27: =IFERROR(I27+L27,0) -> 44800
A28: 127 | B28: Pawan Kumar | C28: =PROPER(TRIM(B28)) -> Pawan Kumar | D28: Sales | E28: =PROPER(TRIM(D28)) -> Sales | F28: pawan@gmail.com | G28: =IF(F28="","Not Available",F28) -> pawan@gmail.com | H28: 26500 | I28: =IF(H28="",$H$93,H28) -> 26500 | J28: 45371 | L28: =IF(K28="",0,K28) -> 0 | M28: Suresh | N28: =IF(M28="","Not Assigned",M28) -> Suresh | O28: =IFERROR(I28+L28,0) -> 26500
A29: 128 | B29: Divya Nair | C29: =PROPER(TRIM(B29)) -> Divya Nair | D29: HR | E29: =PROPER(TRIM(D29)) -> Hr | F29: divya@gmail.com | G29: =IF(F29="","Not Available",F29) -> divya@gmail.com | I29: =IF(H29="",$H$93,H29) -> 32091 | J29: 45376 | K29: 1900 | L29: =IF(K29="",0,K29) -> 1900 | M29: Kavitha | N29: =IF(M29="","Not Assigned",M29) -> Kavitha | O29: =IFERROR(I29+L29,0) -> 33991
A30: 129 | B30: Karthik Rao | C30: =PROPER(TRIM(B30)) -> Karthik Rao | D30: IT | E30: =PROPER(TRIM(D30)) -> It | F30: karthik@gmail.com | G30: =IF(F30="","Not Available",F30) -> karthik@gmail.com | H30: 36000 | I30: =IF(H30="",$H$93,H30) -> 36000 | J30: 45383 | L30: =IF(K30="",0,K30) -> 0 | M30: Mahesh | N30: =IF(M30="","Not Assigned",M30) -> Mahesh | O30: =IFERROR(I30+L30,0) -> 36000
A31: 130 | B31: Rekha Das | C31: =PROPER(TRIM(B31)) -> Rekha Das | D31: Finance | E31: =PROPER(TRIM(D31)) -> Finance | F31: rekha@gmail.com | G31: =IF(F31="","Not Available",F31) -> rekha@gmail.com | H31: 43000 | I31: =IF(H31="",$H$93,H31) -> 43000 | J31: 45387 | K31: 4000 | L31: =IF(K31="",0,K31) -> 4000 | M31: Kavitha | N31: =IF(M31="","Not Assigned",M31) -> Kavitha | O31: =IFERROR(I31+L31,0) -> 47000
A32: 131 | B32: Ram kumar | C32: =PROPER(TRIM(B32)) -> Ram Kumar | D32: HR | E32: =PROPER(TRIM(D32)) -> Hr | F32: ram@gmail.com | G32: =IF(F32="","Not Available",F32) -> ram@gmail.com | H32: 25000 | I32: =IF(H32="",$H$93,H32) -> 25000 | J32: 44938 | K32: 2000 | L32: =IF(K32="",0,K32) -> 2000 | M32: Suresh | N32: =IF(M32="","Not Assigned",M32) -> Suresh | O32: =IFERROR(I32+L32,0) -> 27000
A33: 132 | B33: SITA DEVI | C33: =PROPER(TRIM(B33)) -> Sita Devi | D33: IT | E33: =PROPER(TRIM(D33)) -> It | F33: sita@gmail.com | G33: =IF(F33="","Not Available",F33) -> sita@gmail.com | H33: 30000 | I33: =IF(H33="",$H$93,H33) -> 30000 | J33: 44972 | L33: =IF(K33="",0,K33) -> 0 | M33: Mahesh | N33: =IF(M33="","Not Assigned",M33) -> Mahesh | O33: =IFERROR(I33+L33,0) -> 30000
A34: 133 | B34: Ravi Kumar | C34: =PROPER(TRIM(B34)) -> Ravi Kumar | D34: Sales | E34: =PROPER(TRIM(D34)) -> Sales | F34: ravi@gmail.com | G34: =IF(F34="","Not Available",F34) -> ravi@gmail.com | H34: 28000 | I34: =IF(H34="",$H$93,H34) -> 28000 | J34: 45003 | K34: 2500 | L34: =IF(K34="",0,K34) -> 2500 | M34: Suresh | N34: =IF(M34="","Not Assigned",M34) -> Suresh | O34: =IFERROR(I34+L34,0) -> 30500
A35: 134 | B35: Meena sharma | C35: =PROPER(TRIM(B35)) -> Meena Sharma | D35: IT | E35: =PROPER(TRIM(D35)) -> It | F35: meena@gmail.com | G35: =IF(F35="","Not Available",F35) -> meena@gmail.com | H35: 35000 | I35: =IF(H35="",$H$93,H35) -> 35000 | J35: 45037 | K35: 3000 | L35: =IF(K35="",0,K35) -> 3000 | N35: =IF(M35="","Not Assigned",M35) -> Not Assigned | O35: =IFERROR(I35+L35,0) -> 38000
A36: 135 | B36: John Rao | C36: =PROPER(TRIM(B36)) -> John Rao | D36: Finance | E36: =PROPER(TRIM(D36)) -> Finance | F36: john@gmail.com | G36: =IF(F36="","Not Available",F36) -> john@gmail.com | H36: 40000 | I36: =IF(H36="",$H$93,H36) -> 40000 | J36: 45071 | K36: 4000 | L36: =IF(K36="",0,K36) -> 4000 | M36: Kavitha | N36: =IF(M36="","Not Assigned",M36) -> Kavitha | O36: =IFERROR(I36+L36,0) -> 44000
A37: 136 | B37: Kavya reddy | C37: =PROPER(TRIM(B37)) -> Kavya Reddy | D37: IT | E37: =PROPER(TRIM(D37)) -> It | F37: kavya@gmail.com | G37: =IF(F37="","Not Available",F37) -> kavya@gmail.com | I37: =IF(H37="",$H$93,H37) -> 32091 | J37: 45078 | K37: 1500 | L37: =IF(K37="",0,K37) -> 1500 | M37: Mahesh | N37: =IF(M37="","Not Assigned",M37) -> Mahesh | O37: =IFERROR(I37+L37,0) -> 33591
A38: 137 | B38: Arjun naik | C38: =PROPER(TRIM(B38)) -> Arjun Naik | D38: Sales | E38: =PROPER(TRIM(D38)) -> Sales | F38: arjun@gmail.com | G38: =IF(F38="","Not Available",F38) -> arjun@gmail.com | H38: 27000 | I38: =IF(H38="",$H$93,H38) -> 27000 | J38: 45088 | L38: =IF(K38="",0,K38) -> 0 | M38: Suresh | N38: =IF(M38="","Not Assigned",M38) -> Suresh | O38: =IFERROR(I38+L38,0) -> 27000
A39: 138 | B39: Priya Sharma | C39: =PROPER(TRIM(B39)) -> Priya Sharma | D39: HR | E39: =PROPER(TRIM(D39)) -> Hr | F39: priya@gmail.com | G39: =IF(F39="","Not Available",F39) -> priya@gmail.com | H39: 26000 | I39: =IF(H39="",$H$93,H39) -> 26000 | J39: 45126 | K39: 1800 | L39: =IF(K39="",0,K39) -> 1800 | M39: Kavitha | N39: =IF(M39="","Not Assigned",M39) -> Kavitha | O39: =IFERROR(I39+L39,0) -> 27800
A40: 139 | B40: Rohit verma | C40: =PROPER(TRIM(B40)) -> Rohit Verma | D40: Finance | E40: =PROPER(TRIM(D40)) -> Finance | F40: rohit@gmail.com | G40: =IF(F40="","Not Available",F40) -> rohit@gmail.com | H40: 38000 | I40: =IF(H40="",$H$93,H40) -> 38000 | J40: 45160 | K40: 3500 | L40: =IF(K40="",0,K40) -> 3500 | M40: Kavitha | N40: =IF(M40="","Not Assigned",M40) -> Kavitha | O40: =IFERROR(I40+L40,0) -> 41500
A41: 140 | B41: Sneha iyer | C41: =PROPER(TRIM(B41)) -> Sneha Iyer | D41: IT | E41: =PROPER(TRIM(D41)) -> It | F41: sneha@gmail.com | G41: =IF(F41="","Not Available",F41) -> sneha@gmail.com | H41: 32000 | I41: =IF(H41="",$H$93,H41) -> 32000 | J41: 45174 | L41: =IF(K41="",0,K41) -> 0 | M41: Mahesh | N41: =IF(M41="","Not Assigned",M41) -> Mahesh | O41: =IFERROR(I41+L41,0) -> 32000
A42: 141 | B42: Ajay Kumar | C42: =PROPER(TRIM(B42)) -> Ajay Kumar | D42: HR | E42: =PROPER(TRIM(D42)) -> Hr | F42: ajay@gmail.com | G42: =IF(F42="","Not Available",F42) -> ajay@gmail.com | H42: 27000 | I42: =IF(H42="",$H$93,H42) -> 27000 | J42: 45392 | K42: 2000 | L42: =IF(K42="",0,K42) -> 2000 | M42: Kavitha | N42: =IF(M42="","Not Assigned",M42) -> Kavitha | O42: =IFERROR(I42+L42,0) -> 29000
A43: 142 | B43: Bhavna Shah | C43: =PROPER(TRIM(B43)) -> Bhavna Shah | D43: IT | E43: =PROPER(TRIM(D43)) -> It | F43: bhavna@gmail.com | G43: =IF(F43="","Not Available",F43) -> bhavna@gmail.com | I43: =IF(H43="",$H$93,H43) -> 32091 | J43: 45394 | L43: =IF(K43="",0,K43) -> 0 | M43: Mahesh | N43: =IF(M43="","Not Assigned",M43) -> Mahesh | O43: =IFERROR(I43+L43,0) -> 32091
A44: 143 | B44: Chirag Jain | C44: =PROPER(TRIM(B44)) -> Chirag Jain | D44: Sales | E44: =PROPER(TRIM(D44)) -> Sales | F44: chirag@gmail.com | G44: =IF(F44="","Not Available",F44) -> chirag@gmail.com | H44: 28500 | I44: =IF(H44="",$H$93,H44) -> 28500 | J44: 45397 | K44: 2200 | L44: =IF(K44="",0,K44) -> 2200 | M44: Suresh | N44: =IF(M44="","Not Assigned",M44) -> Suresh | O44: =IFERROR(I44+L44,0) -> 30700
A45: 144 | B45: Deepika Rao | C45: =PROPER(TRIM(B45)) -> Deepika Rao | D45: Finance | E45: =PROPER(TRIM(D45)) -> Finance | F45: deepika@gmail.com | G45: =IF(F45="","Not Available",F45) -> deepika@gmail.com | H45: 39500 | I45: =IF(H45="",$H$93,H45) -> 39500 | J45: 45400 | L45: =IF(K45="",0,K45) -> 0 | M45: Kavitha | N45: =IF(M45="","Not Assigned",M45) -> Kavitha | O45: =IFERROR(I45+L45,0) -> 39500
A46: 145 | B46: Esha Gupta | C46: =PROPER(TRIM(B46)) -> Esha Gupta | D46: HR | E46: =PROPER(TRIM(D46)) -> Hr | F46: esha@gmail.com | G46: =IF(F46="","Not Available",F46) -> esha@gmail.com | H46: 26000 | I46: =IF(H46="",$H$93,H46) -> 26000 | J46: 45402 | K46: 1800 | L46: =IF(K46="",0,K46) -> 1800 | M46: Kavitha | N46: =IF(M46="","Not Assigned",M46) -> Kavitha | O46: =IFERROR(I46+L46,0) -> 27800
A47: 146 | B47: Farhan Ali | C47: =PROPER(TRIM(B47)) -> Farhan Ali | D47: IT | E47: =PROPER(TRIM(D47)) -> It | F47: farhan@gmail.com | G47: =IF(F47="","Not Available",F47) -> farhan@gmail.com | H47: 34500 | I47: =IF(H47="",$H$93,H47) -> 34500 | J47: 45404 | L47: =IF(K47="",0,K47) -> 0 | M47: Mahesh | N47: =IF(M47="","Not Assigned",M47) -> Mahesh | O47: =IFERROR(I47+L47,0) -> 34500
A48: 147 | B48: Gaurav Singh | C48: =PROPER(TRIM(B48)) -> Gaurav Singh | D48: Sales | E48: =PROPER(TRIM(D48)) -> Sales | F48: gaurav@gmail.com | G48: =IF(F48="","Not Available",F48) -> gaurav@gmail.com | I48: =IF(H48="",$H$93,H48) -> 32091 | J48: 45407 | K48: 2100 | L48: =IF(K48="",0,K48) -> 2100 | M48: Suresh | N48: =IF(M48="","Not Assigned",M48) -> Suresh | O48: =IFERROR(I48+L48,0) -> 34191
A49: 148 | B49: Heena Khan | C49: =PROPER(TRIM(B49)) -> Heena Khan | D49: Finance | E49: =PROPER(TRIM(D49)) -> Finance | F49: heena@gmail.com | G49: =IF(F49="","Not Available",F49) -> heena@gmail.com | H49: 40500 | I49: =IF(H49="",$H$93,H49) -> 40500 | J49: 45410 | K49: 3500 | L49: =IF(K49="",0,K49) -> 3500 | M49: Kavitha | N49: =IF(M49="","Not Assigned",M49) -> Kavitha | O49: =IFERROR(I49+L49,0) -> 44000
A50: 149 | B50: Imran Khan | C50: =PROPER(TRIM(B50)) -> Imran Khan | D50: HR | E50: =PROPER(TRIM(D50)) -> Hr | F50: imran@gmail.com | G50: =IF(F50="","Not Available",F50) -> imran@gmail.com | H50: 25500 | I50: =IF(H50="",$H$93,H50) -> 25500 | J50: 45413 | L50: =IF(K50="",0,K50) -> 0 | M50: Kavitha | N50: =IF(M50="","Not Assigned",M50) -> Kavitha | O50: =IFERROR(I50+L50,0) -> 25500
A51: 150 | B51: Jyoti Verma | C51: =PROPER(TRIM(B51)) -> Jyoti Verma | D51: IT | E51: =PROPER(TRIM(D51)) -> It | F51: jyoti@gmail.com | G51: =IF(F51="","Not Available",F51) -> jyoti@gmail.com | H51: 31500 | I51: =IF(H51="",$H$93,H51) -> 31500 | J51: 45417 | K51: 2000 | L51: =IF(K51="",0,K51) -> 2000 | M51: Mahesh | N51: =IF(M51="","Not Assigned",M51) -> Mahesh | O51: =IFERROR(I51+L51,0) -> 33500
A52: 201 | B52: akash reddy | C52: =PROPER(TRIM(B52)) -> Akash Reddy | D52: IT | E52: =PROPER(TRIM(D52)) -> It | F52: akash@gmail.com | G52: =IF(F52="","Not Available",F52) -> akash@gmail.com | H52: 32000 | I52: =IF(H52="",$H$93,H52) -> 32000 | J52: 44927 | K52: 2000 | L52: =IF(K52="",0,K52) -> 2000 | M52: Mahesh | N52: =IF(M52="","Not Assigned",M52) -> Mahesh | O52: =IFERROR(I52+L52,0) -> 34000
A53: 202 | B53: Neha Sharma | C53: =PROPER(TRIM(B53)) -> Neha Sharma | D53: HR | E53: =PROPER(TRIM(D53)) -> Hr | F53: neha@gmail.com | G53: =IF(F53="","Not Available",F53) -> neha@gmail.com | H53: 28000 | I53: =IF(H53="",$H$93,H53) -> 28000 | J53: 44929 | L53: =IF(K53="",0,K53) -> 0 | M53: Kavitha | N53: =IF(M53="","Not Assigned",M53) -> Kavitha | O53: =IFERROR(I53+L53,0) -> 28000
A54: 203 | B54: ROHAN DAS | C54: =PROPER(TRIM(B54)) -> Rohan Das | D54: Sales | E54: =PROPER(TRIM(D54)) -> Sales | F54: rohan@gmail.com | G54: =IF(F54="","Not Available",F54) -> rohan@gmail.com | H54: 30000 | I54: =IF(H54="",$H$93,H54) -> 30000 | J54: 44931 | K54: 1800 | L54: =IF(K54="",0,K54) -> 1800 | M54: Suresh | N54: =IF(M54="","Not Assigned",M54) -> Suresh | O54: =IFERROR(I54+L54,0) -> 31800
A55: 204 | B55: Meera Nair | C55: =PROPER(TRIM(B55)) -> Meera Nair | D55: Finance | E55: =PROPER(TRIM(D55)) -> Finance | F55: meera@gmail.com | G55: =IF(F55="","Not Available",F55) -> meera@gmail.com | H55: 42000 | I55: =IF(H55="",$H$93,H55) -> 42000 | J55: 44933 | K55: 3500 | L55: =IF(K55="",0,K55) -> 3500 | M55: Kavitha | N55: =IF(M55="","Not Assigned",M55) -> Kavitha | O55: =IFERROR(I55+L55,0) -> 45500
A56: 205 | B56: vikas kumar | C56: =PROPER(TRIM(B56)) -> Vikas Kumar | D56: IT | E56: =PROPER(TRIM(D56)) -> It | F56: vikas@gmail.com | G56: =IF(F56="","Not Available",F56) -> vikas@gmail.com | I56: =IF(H56="",$H$93,H56) -> 32091 | J56: 44936 | K56: 2200 | L56: =IF(K56="",0,K56) -> 2200 | M56: Mahesh | N56: =IF(M56="","Not Assigned",M56) -> Mahesh | O56: =IFERROR(I56+L56,0) -> 34291
A57: 206 | B57: Pooja Singh | C57: =PROPER(TRIM(B57)) -> Pooja Singh | D57: HR | E57: =PROPER(TRIM(D57)) -> Hr | F57: pooja@gmail.com | G57: =IF(F57="","Not Available",F57) -> pooja@gmail.com | H57: 29000 | I57: =IF(H57="",$H$93,H57) -> 29000 | J57: 44938 | L57: =IF(K57="",0,K57) -> 0 | M57: Kavitha | N57: =IF(M57="","Not Assigned",M57) -> Kavitha | O57: =IFERROR(I57+L57,0) -> 29000
A58: 207 | B58: Arvind Rao | C58: =PROPER(TRIM(B58)) -> Arvind Rao | D58: Sales | E58: =PROPER(TRIM(D58)) -> Sales | F58: arvind@gmail.com | G58: =IF(F58="","Not Available",F58) -> arvind@gmail.com | H58: 31000 | I58: =IF(H58="",$H$93,H58) -> 31000 | J58: 44941 | K58: 2000 | L58: =IF(K58="",0,K58) -> 2000 | M58: Suresh | N58: =IF(M58="","Not Assigned",M58) -> Suresh | O58: =IFERROR(I58+L58,0) -> 33000
A59: 208 | B59: sneha patil | C59: =PROPER(TRIM(B59)) -> Sneha Patil | D59: IT | E59: =PROPER(TRIM(D59)) -> It | F59: sneha@gmail.com | G59: =IF(F59="","Not Available",F59) -> sneha@gmail.com | H59: 34000 | I59: =IF(H59="",$H$93,H59) -> 34000 | J59: 44944 | L59: =IF(K59="",0,K59) -> 0 | M59: Mahesh | N59: =IF(M59="","Not Assigned",M59) -> Mahesh | O59: =IFERROR(I59+L59,0) -> 34000
A60: 209 | B60: Kiran Verma | C60: =PROPER(TRIM(B60)) -> Kiran Verma | D60: Finance | E60: =PROPER(TRIM(D60)) -> Finance | F60: kiran@gmail.com | G60: =IF(F60="","Not Available",F60) -> kiran@gmail.com | H60: 39000 | I60: =IF(H60="",$H$93,H60) -> 39000 | J60: 44946 | K60: 3000 | L60: =IF(K60="",0,K60) -> 3000 | M60: Kavitha | N60: =IF(M60="","Not Assigned",M60) -> Kavitha | O60: =IFERROR(I60+L60,0) -> 42000
A61: 210 | B61: Mohit Jain | C61: =PROPER(TRIM(B61)) -> Mohit Jain | D61: HR | E61: =PROPER(TRIM(D61)) -> Hr | F61: mohit@gmail.com | G61: =IF(F61="","Not Available",F61) -> mohit@gmail.com | H61: 27000 | I61: =IF(H61="",$H$93,H61) -> 27000 | J61: 44948 | K61: 1500 | L61: =IF(K61="",0,K61) -> 1500 | N61: =IF(M61="","Not Assigned",M61) -> Not Assigned | O61: =IFERROR(I61+L61,0) -> 28500
A62: 211 | B62: ANIL KUMAR | C62: =PROPER(TRIM(B62)) -> Anil Kumar | D62: IT | E62: =PROPER(TRIM(D62)) -> It | F62: anil@gmail.com | G62: =IF(F62="","Not Available",F62) -> anil@gmail.com | H62: 36000 | I62: =IF(H62="",$H$93,H62) -> 36000 | J62: 44951 | L62: =IF(K62="",0,K62) -> 0 | M62: Mahesh | N62: =IF(M62="","Not Assigned",M62) -> Mahesh | O62: =IFERROR(I62+L62,0) -> 36000
A63: 212 | B63: Divya Kapoor | C63: =PROPER(TRIM(B63)) -> Divya Kapoor | D63: Sales | E63: =PROPER(TRIM(D63)) -> Sales | F63: divya@gmail.com | G63: =IF(F63="","Not Available",F63) -> divya@gmail.com | I63: =IF(H63="",$H$93,H63) -> 32091 | J63: 44954 | K63: 2100 | L63: =IF(K63="",0,K63) -> 2100 | M63: Suresh | N63: =IF(M63="","Not Assigned",M63) -> Suresh | O63: =IFERROR(I63+L63,0) -> 34191
A64: 213 | B64: rahul sharma | C64: =PROPER(TRIM(B64)) -> Rahul Sharma | D64: Finance | E64: =PROPER(TRIM(D64)) -> Finance | F64: rahul@gmail.com | G64: =IF(F64="","Not Available",F64) -> rahul@gmail.com | H64: 41000 | I64: =IF(H64="",$H$93,H64) -> 41000 | J64: 44958 | L64: =IF(K64="",0,K64) -> 0 | M64: Kavitha | N64: =IF(M64="","Not Assigned",M64) -> Kavitha | O64: =IFERROR(I64+L64,0) -> 41000
A65: 214 | B65: Nisha Reddy | C65: =PROPER(TRIM(B65)) -> Nisha Reddy | D65: HR | E65: =PROPER(TRIM(D65)) -> Hr | F65: nisha@gmail.com | G65: =IF(F65="","Not Available",F65) -> nisha@gmail.com | H65: 28000 | I65: =IF(H65="",$H$93,H65) -> 28000 | J65: 44961 | K65: 1700 | L65: =IF(K65="",0,K65) -> 1700 | M65: Kavitha | N65: =IF(M65="","Not Assigned",M65) -> Kavitha | O65: =IFERROR(I65+L65,0) -> 29700
A66: 215 | B66: Sameer Khan | C66: =PROPER(TRIM(B66)) -> Sameer Khan | D66: IT | E66: =PROPER(TRIM(D66)) -> It | F66: sameer@gmail.com | G66: =IF(F66="","Not Available",F66) -> sameer@gmail.com | H66: 33000 | I66: =IF(H66="",$H$93,H66) -> 33000 | J66: 44964 | L66: =IF(K66="",0,K66) -> 0 | M66: Mahesh | N66: =IF(M66="","Not Assigned",M66) -> Mahesh | O66: =IFERROR(I66+L66,0) -> 33000
A67: 216 | B67: Kavita Joshi | C67: =PROPER(TRIM(B67)) -> Kavita Joshi | D67: Sales | E67: =PROPER(TRIM(D67)) -> Sales | F67: kavita@gmail.com | G67: =IF(F67="","Not Available",F67) -> kavita@gmail.com | H67: 30500 | I67: =IF(H67="",$H$93,H67) -> 30500 | J67: 44967 | K67: 2000 | L67: =IF(K67="",0,K67) -> 2000 | M67: Suresh | N67: =IF(M67="","Not Assigned",M67) -> Suresh | O67: =IFERROR(I67+L67,0) -> 32500
A68: 217 | B68: AMIT SHAH | C68: =PROPER(TRIM(B68)) -> Amit Shah | D68: Finance | E68: =PROPER(TRIM(D68)) -> Finance | F68: amit@gmail.com | G68: =IF(F68="","Not Available",F68) -> amit@gmail.com | I68: =IF(H68="",$H$93,H68) -> 32091 | J68: 44969 | K68: 2500 | L68: =IF(K68="",0,K68) -> 2500 | M68: Kavitha | N68: =IF(M68="","Not Assigned",M68) -> Kavitha | O68: =IFERROR(I68+L68,0) -> 34591
A69: 218 | B69: Ritu Agarwal | C69: =PROPER(TRIM(B69)) -> Ritu Agarwal | D69: HR | E69: =PROPER(TRIM(D69)) -> Hr | F69: ritu@gmail.com | G69: =IF(F69="","Not Available",F69) -> ritu@gmail.com | H69: 29500 | I69: =IF(H69="",$H$93,H69) -> 29500 | J69: 44972 | L69: =IF(K69="",0,K69) -> 0 | M69: Kavitha | N69: =IF(M69="","Not Assigned",M69) -> Kavitha | O69: =IFERROR(I69+L69,0) -> 29500
A70: 219 | B70: Sandeep Singh | C70: =PROPER(TRIM(B70)) -> Sandeep Singh | D70: IT | E70: =PROPER(TRIM(D70)) -> It | F70: sandeep@gmail.com | G70: =IF(F70="","Not Available",F70) -> sandeep@gmail.com | H70: 35000 | I70: =IF(H70="",$H$93,H70) -> 35000 | J70: 44975 | K70: 2300 | L70: =IF(K70="",0,K70) -> 2300 | M70: Mahesh | N70: =IF(M70="","Not Assigned",M70) -> Mahesh | O70: =IFERROR(I70+L70,0) -> 37300
A71: 220 | B71: Neeraj Gupta | C71: =PROPER(TRIM(B71)) -> Neeraj Gupta | D71: Sales | E71: =PROPER(TRIM(D71)) -> Sales | F71: neeraj@gmail.com | G71: =IF(F71="","Not Available",F71) -> neeraj@gmail.com | H71: 31000 | I71: =IF(H71="",$H$93,H71) -> 31000 | J71: 44977 | L71: =IF(K71="",0,K71) -> 0 | M71: Suresh | N71: =IF(M71="","Not Assigned",M71) -> Suresh | O71: =IFERROR(I71+L71,0) -> 31000
A72: 221 | B72: akash reddy | C72: =PROPER(TRIM(B72)) -> Akash Reddy | D72: IT | E72: =PROPER(TRIM(D72)) -> It | F72: akash@gmail.com | G72: =IF(F72="","Not Available",F72) -> akash@gmail.com | H72: 32000 | I72: =IF(H72="",$H$93,H72) -> 32000 | J72: 44927 | K72: 2000 | L72: =IF(K72="",0,K72) -> 2000 | M72: Mahesh | N72: =IF(M72="","Not Assigned",M72) -> Mahesh | O72: =IFERROR(I72+L72,0) -> 34000
A73: 222 | B73: Neha Sharma | C73: =PROPER(TRIM(B73)) -> Neha Sharma | D73: HR | E73: =PROPER(TRIM(D73)) -> Hr | G73: =IF(F73="","Not Available",F73) -> Not Available | H73: 28000 | I73: =IF(H73="",$H$93,H73) -> 28000 | J73: 44929 | L73: =IF(K73="",0,K73) -> 0 | M73: Kavitha | N73: =IF(M73="","Not Assigned",M73) -> Kavitha | O73: =IFERROR(I73+L73,0) -> 28000
A74: 223 | B74: ROHAN DAS | C74: =PROPER(TRIM(B74)) -> Rohan Das | D74: Sales | E74: =PROPER(TRIM(D74)) -> Sales | F74: rohan@gmail.com | G74: =IF(F74="","Not Available",F74) -> rohan@gmail.com | I74: =IF(H74="",$H$93,H74) -> 32091 | J74: 44931 | K74: 1800 | L74: =IF(K74="",0,K74) -> 1800 | M74: Suresh | N74: =IF(M74="","Not Assigned",M74) -> Suresh | O74: =IFERROR(I74+L74,0) -> 33891
A75: 224 | B75: Meera Nair | C75: =PROPER(TRIM(B75)) -> Meera Nair | D75: Finance | E75: =PROPER(TRIM(D75)) -> Finance | F75: meera@gmail.com | G75: =IF(F75="","Not Available",F75) -> meera@gmail.com | H75: 42000 | I75: =IF(H75="",$H$93,H75) -> 42000 | J75: 44933 | L75: =IF(K75="",0,K75) -> 0 | M75: Kavitha | N75: =IF(M75="","Not Assigned",M75) -> Kavitha | O75: =IFERROR(I75+L75,0) -> 42000
A76: 225 | B76: vikas kumar | C76: =PROPER(TRIM(B76)) -> Vikas Kumar | D76: IT | E76: =PROPER(TRIM(D76)) -> It | F76: vikas@gmail.com | G76: =IF(F76="","Not Available",F76) -> vikas@gmail.com | H76: 30000 | I76: =IF(H76="",$H$93,H76) -> 30000 | J76: 44936 | K76: 2200 | L76: =IF(K76="",0,K76) -> 2200 | M76: Mahesh | N76: =IF(M76="","Not Assigned",M76) -> Mahesh | O76: =IFERROR(I76+L76,0) -> 32200
A77: 226 | B77: Pooja Singh | C77: =PROPER(TRIM(B77)) -> Pooja Singh | D77: HR | E77: =PROPER(TRIM(D77)) -> Hr | F77: pooja@gmail.com | G77: =IF(F77="","Not Available",F77) -> pooja@gmail.com | I77: =IF(H77="",$H$93,H77) -> 32091 | J77: 44938 | L77: =IF(K77="",0,K77) -> 0 | M77: Kavitha | N77: =IF(M77="","Not Assigned",M77) -> Kavitha | O77: =IFERROR(I77+L77,0) -> 32091
A78: 227 | B78: Arvind Rao | C78: =PROPER(TRIM(B78)) -> Arvind Rao | D78: Sales | E78: =PROPER(TRIM(D78)) -> Sales | F78: arvind@gmail.com | G78: =IF(F78="","Not Available",F78) -> arvind@gmail.com | H78: 31000 | I78: =IF(H78="",$H$93,H78) -> 31000 | J78: 44941 | L78: =IF(K78="",0,K78) -> 0 | M78: Suresh | N78: =IF(M78="","Not Assigned",M78) -> Suresh | O78: =IFERROR(I78+L78,0) -> 31000
A79: 228 | B79: sneha patil | C79: =PROPER(TRIM(B79)) -> Sneha Patil | D79: IT | E79: =PROPER(TRIM(D79)) -> It | F79: sneha@gmail.com | G79: =IF(F79="","Not Available",F79) -> sneha@gmail.com | H79: 34000 | I79: =IF(H79="",$H$93,H79) -> 34000 | J79: 44944 | K79: 2000 | L79: =IF(K79="",0,K79) -> 2000 | M79: Mahesh | N79: =IF(M79="","Not Assigned",M79) -> Mahesh | O79: =IFERROR(I79+L79,0) -> 36000
A80: 229 | B80: Kiran Verma | C80: =PROPER(TRIM(B80)) -> Kiran Verma | D80: Finance | E80: =PROPER(TRIM(D80)) -> Finance | F80: kiran@gmail.com | G80: =IF(F80="","Not Available",F80) -> kiran@gmail.com | I80: =IF(H80="",$H$93,H80) -> 32091 | J80: 44946 | K80: 3000 | L80: =IF(K80="",0,K80) -> 3000 | M80: Kavitha | N80: =IF(M80="","Not Assigned",M80) -> Kavitha | O80: =IFERROR(I80+L80,0) -> 35091
A81: 230 | B81: Mohit Jain | C81: =PROPER(TRIM(B81)) -> Mohit Jain | D81: HR | E81: =PROPER(TRIM(D81)) -> Hr | F81: mohit@gmail.com | G81: =IF(F81="","Not Available",F81) -> mohit@gmail.com | H81: 27000 | I81: =IF(H81="",$H$93,H81) -> 27000 | J81: 44948 | L81: =IF(K81="",0,K81) -> 0 | N81: =IF(M81="","Not Assigned",M81) -> Not Assigned | O81: =IFERROR(I81+L81,0) -> 27000
A82: 231 | B82: Priya Nair | C82: =PROPER(TRIM(B82)) -> Priya Nair | D82: HR | E82: =PROPER(TRIM(D82)) -> Hr | F82: priya@gmail.com | G82: =IF(F82="","Not Available",F82) -> priya@gmail.com | H82: 29000 | I82: =IF(H82="",$H$93,H82) -> 29000 | J82: 44986 | K82: 1800 | L82: =IF(K82="",0,K82) -> 1800 | M82: Kavitha | N82: =IF(M82="","Not Assigned",M82) -> Kavitha | O82: =IFERROR(I82+L82,0) -> 30800
A83: 232 | B83: Rakesh Kumar | C83: =PROPER(TRIM(B83)) -> Rakesh Kumar | D83: IT | E83: =PROPER(TRIM(D83)) -> It | F83: rakesh@gmail.com | G83: =IF(F83="","Not Available",F83) -> rakesh@gmail.com | H83: 36000 | I83: =IF(H83="",$H$93,H83) -> 36000 | J83: 44988 | L83: =IF(K83="",0,K83) -> 0 | M83: Mahesh | N83: =IF(M83="","Not Assigned",M83) -> Mahesh | O83: =IFERROR(I83+L83,0) -> 36000
A84: 233 | B84: Sunil Das | C84: =PROPER(TRIM(B84)) -> Sunil Das | D84: Sales | E84: =PROPER(TRIM(D84)) -> Sales | F84: sunil@gmail.com | G84: =IF(F84="","Not Available",F84) -> sunil@gmail.com | H84: 31000 | I84: =IF(H84="",$H$93,H84) -> 31000 | J84: 44990 | K84: 2000 | L84: =IF(K84="",0,K84) -> 2000 | M84: Suresh | N84: =IF(M84="","Not Assigned",M84) -> Suresh | O84: =IFERROR(I84+L84,0) -> 33000
A85: 234 | B85: Ananya Singh | C85: =PROPER(TRIM(B85)) -> Ananya Singh | D85: Finance | E85: =PROPER(TRIM(D85)) -> Finance | F85: ananya@gmail.com | G85: =IF(F85="","Not Available",F85) -> ananya@gmail.com | H85: 40000 | I85: =IF(H85="",$H$93,H85) -> 40000 | J85: 44992 | L85: =IF(K85="",0,K85) -> 0 | M85: Kavitha | N85: =IF(M85="","Not Assigned",M85) -> Kavitha | O85: =IFERROR(I85+L85,0) -> 40000
A86: 235 | B86: deepak reddy | C86: =PROPER(TRIM(B86)) -> Deepak Reddy | D86: IT | E86: =PROPER(TRIM(D86)) -> It | F86: deepak@gmail.com | G86: =IF(F86="","Not Available",F86) -> deepak@gmail.com | H86: 33000 | I86: =IF(H86="",$H$93,H86) -> 33000 | J86: 44995 | K86: 2100 | L86: =IF(K86="",0,K86) -> 2100 | M86: Mahesh | N86: =IF(M86="","Not Assigned",M86) -> Mahesh | O86: =IFERROR(I86+L86,0) -> 35100
A87: 236 | B87: Kavya Nair | C87: =PROPER(TRIM(B87)) -> Kavya Nair | D87: HR | E87: =PROPER(TRIM(D87)) -> Hr | F87: kavya@gmail.com | G87: =IF(F87="","Not Available",F87) -> kavya@gmail.com | H87: 28000 | I87: =IF(H87="",$H$93,H87) -> 28000 | J87: 44997 | L87: =IF(K87="",0,K87) -> 0 | M87: Kavitha | N87: =IF(M87="","Not Assigned",M87) -> Kavitha | O87: =IFERROR(I87+L87,0) -> 28000
A88: 237 | B88: Manoj Kumar | C88: =PROPER(TRIM(B88)) -> Manoj Kumar | D88: Sales | E88: =PROPER(TRIM(D88)) -> Sales | F88: manoj@gmail.com | G88: =IF(F88="","Not Available",F88) -> manoj@gmail.com | H88: 30500 | I88: =IF(H88="",$H$93,H88) -> 30500 | J88: 45000 | K88: 2000 | L88: =IF(K88="",0,K88) -> 2000 | M88: Suresh | N88: =IF(M88="","Not Assigned",M88) -> Suresh | O88: =IFERROR(I88+L88,0) -> 32500
A89: 238 | B89: Riya Shah | C89: =PROPER(TRIM(B89)) -> Riya Shah | D89: Finance | E89: =PROPER(TRIM(D89)) -> Finance | F89: riya@gmail.com | G89: =IF(F89="","Not Available",F89) -> riya@gmail.com | H89: 39000 | I89: =IF(H89="",$H$93,H89) -> 39000 | J89: 45003 | L89: =IF(K89="",0,K89) -> 0 | M89: Kavitha | N89: =IF(M89="","Not Assigned",M89) -> Kavitha | O89: =IFERROR(I89+L89,0) -> 39000
A90: 239 | B90: Ajay Verma | C90: =PROPER(TRIM(B90)) -> Ajay Verma | D90: IT | E90: =PROPER(TRIM(D90)) -> It | F90: ajay@gmail.com | G90: =IF(F90="","Not Available",F90) -> ajay@gmail.com | H90: 35000 | I90: =IF(H90="",$H$93,H90) -> 35000 | J90: 45005 | K90: 2200 | L90: =IF(K90="",0,K90) -> 2200 | M90: Mahesh | N90: =IF(M90="","Not Assigned",M90) -> Mahesh | O90: =IFERROR(I90+L90,0) -> 37200
A91: 240 | B91: Nikhil Jain | C91: =PROPER(TRIM(B91)) -> Nikhil Jain | D91: HR | E91: =PROPER(TRIM(D91)) -> Hr | F91: nikhil@gmail.com | G91: =IF(F91="","Not Available",F91) -> nikhil@gmail.com | H91: 27000 | I91: =IF(H91="",$H$93,H91) -> 27000 | J91: 45007 | L91: =IF(K91="",0,K91) -> 0 | M91: Kavitha | N91: =IF(M91="","Not Assigned",M91) -> Kavitha | O91: =IFERROR(I91+L91,0) -> 27000
E92: =PROPER(TRIM(D92)) | H92: =AVERAGE(H2:H91) -> 32090.909
E93: =PROPER(TRIM(D93)) | H93: =ROUNDUP(H92,0) -> 32091

Sheet Summary
E2: SUMMARY
E4: Variable | F4: Result
E5: Total Employees | F5: =COUNTA('Cleaned data'!A2:A91) -> 90
E6: Average Salary | F6: =AVERAGE('Cleaned data'!I67:I91) -> 32274.56
E7: Highest Salary | F7: =MAX('Cleaned data'!I2:I91) -> 43000
E8: Lowest Salary | F8: =MIN('Cleaned data'!I2:I91) -> 25000
E9: Total Salary Paid | F9: =SUM('Cleaned data'!I2:I91) -> 2888183
E10: Total Bonus Paid | F10: =SUM('Cleaned data'!L2:L91) -> 134500
