Workbook

Sheet Employee_Data
A1: Emp_ID | B1: Name | C1: Department | D1: Salary | E1: Location
A2: 101 | B2: Ram | C2: HR | D2: 25000 | E2: Bangalore
A3: 102 | B3: Sita | C3: IT | D3: 30000 | E3: Hyderabad
A4: 103 | B4: Ravi | C4: Finance | D4: 28000 | E4: Chennai
A5: 104 | B5: Priya | C5: Marketing | D5: 27000 | E5: Mumbai
A6: 105 | B6: Arjun | C6: IT | D6: 35000 | E6: Pune
A7: 106 | B7: Kavya | C7: HR | D7: 26000 | E7: Delhi
A8: 107 | B8: Rohit | C8: Finance | D8: 32000 | E8: Kolkata
A9: 108 | B9: Meena | C9: Marketing | D9: 29000 | E9: Hyderabad

Sheet Horizontal_Data
B1: 101 | C1: 102 | D1: 103 | E1: 104 | F1: 105
A2: Name | B2: Ram | C2: Sita | D2: Ravi | E2: Priya | F2: Arjun
A3: Salary | B3: 25000 | C3: 30000 | D3: 28000 | E3: 27000 | F3: 35000

Sheet Lookup_Practice
A1: Emp_ID | B1: Name (VLOOKUP) | C1: Department (INDEX+MATCH) | D1: Salary (XLOOKUP) | E1: Location (VLOOKUP)
A2: 101 | B2: =VLOOKUP(A2,Employee_Data!A:E,2,FALSE) -> Ram | C2: {=INDEX(Employee_Data!C:C,MATCH(A2,Employee_Data!A:A,0))} -> HR | D2: =_xlfn.XLOOKUP(A2,Employee_Data!A:A,Employee_Data!D:D) -> 25000 | E2: =VLOOKUP(A2,Employee_Data!A:E,5,FALSE) -> Bangalore
A3: 103 | B3: =VLOOKUP(A3,Employee_Data!A:E,2,FALSE) -> Ravi | C3: {=INDEX(Employee_Data!C:C,MATCH(A3,Employee_Data!A:A,0))} -> Finance | D3: =_xlfn.XLOOKUP(A3,Employee_Data!A:A,Employee_Data!D:D) -> 28000 | E3: =VLOOKUP(A3,Employee_Data!A:E,5,FALSE) -> Chennai
A4: 105 | B4: =VLOOKUP(A4,Employee_Data!A:E,2,FALSE) -> Arjun | C4: {=INDEX(Employee_Data!C:C,MATCH(A4,Employee_Data!A:A,0))} -> IT | D4: =_xlfn.XLOOKUP(A4,Employee_Data!A:A,Employee_Data!D:D) -> 35000 | E4: =VLOOKUP(A4,Employee_Data!A:E,5,FALSE) -> Pune
A5: 108 | B5: =VLOOKUP(A5,Employee_Data!A:E,2,FALSE) -> Meena | C5: {=INDEX(Employee_Data!C:C,MATCH(A5,Employee_Data!A:A,0))} -> Marketing | D5: =_xlfn.XLOOKUP(A5,Employee_Data!A:A,Employee_Data!D:D) -> 29000 | E5: =VLOOKUP(A5,Employee_Data!A:E,5,FALSE) -> Hyderabad

Sheet HLOOKUP_Practice
A1: Emp_ID | B1: Salary
A2: 102 | B2: =HLOOKUP(A2,Horizontal_Data!$A$1:$F$3,3,FALSE) -> 30000
A3: 104 | B3: =HLOOKUP(A3,Horizontal_Data!$A$1:$F$3,3,FALSE) -> 27000
A4: 105 | B4: =HLOOKUP(A4,Horizontal_Data!$A$1:$F$3,3,FALSE) -> 35000

Sheet MATCH_Practice
A1: Emp_ID | B1: Position
A2: 101 | B2: =MATCH(A2,Employee_Data!A:A,0) -> 2
A3: 105 | B3: =MATCH(A3,Employee_Data!A:A,0) -> 6
A4: 108 | B4: =MATCH(A4,Employee_Data!A:A,0) -> 9

Sheet INDEX_Practice
A1: Row_Number | B1: Column_Number | C1: Result
A2: 2 | B2: 4 | C2: {=INDEX(Employee_Data!A:E,A2,B2)} -> 25000
A3: 5 | B3: 3 | C3: {=INDEX(Employee_Data!A:E,A3,B3)} -> Marketing
A4: 1 | B4: 4 | C4: {=INDEX(Employee_Data!A:E,A4,B4)} -> Salary
A5: 2 | B5: 1 | C5: {=INDEX(Employee_Data!A:E,A5,B5)} -> 101
